frame index,label
0,Brain Exposure
1,Brain Exposure
2,Brain Exposure
3,Brain Exposure
4,Brain Exposure
5,Brain Exposure
6,Brain Exposure
7,Brain Exposure
8,Brain Exposure
9,Brain Exposure
10,Brain Exposure
11,Brain Exposure
12,Brain Exposure
13,Brain Exposure
14,Brain Exposure
15,Brain Exposure
16,Brain Exposure
17,Brain Exposure
18,Brain Exposure
19,Brain Exposure
20,Brain Exposure
21,Brain Exposure
22,Brain Exposure
23,Brain Exposure
24,Brain Exposure
25,Brain Exposure
26,Brain Exposure
27,Brain Exposure
28,Brain Exposure
29,Brain Exposure
30,Brain Exposure
31,Brain Exposure
32,Brain Exposure
33,Brain Exposure
34,Brain Exposure
35,Brain Exposure
36,Brain Exposure
37,Brain Exposure
38,Brain Exposure
39,Brain Exposure
40,Brain Exposure
41,Brain Exposure
42,Brain Exposure
43,Brain Exposure
44,Brain Exposure
45,Brain Exposure
46,Brain Exposure
47,Brain Exposure
48,Brain Exposure
49,Brain Exposure
50,Brain Exposure
51,Brain Exposure
52,Brain Exposure
53,Brain Exposure
54,Brain Exposure
55,Brain Exposure
56,Brain Exposure
57,Brain Exposure
58,Brain Exposure
59,Brain Exposure
60,Brain Exposure
61,Brain Exposure
62,Brain Exposure
63,Brain Exposure
64,Brain Exposure
65,Brain Exposure
66,Brain Exposure
67,Brain Exposure
68,Brain Exposure
69,Brain Exposure
70,Brain Exposure
71,Brain Exposure
72,Brain Exposure
73,Brain Exposure
74,Brain Exposure
75,Brain Exposure
76,Brain Exposure
77,Brain Exposure
78,Brain Exposure
79,Brain Exposure
80,Brain Exposure
81,Brain Exposure
82,Brain Exposure
83,Brain Exposure
84,Brain Exposure
85,Brain Exposure
86,Brain Exposure
87,Brain Exposure
88,Brain Exposure
89,Brain Exposure
90,Brain Exposure
91,Brain Exposure
92,Brain Exposure
93,Brain Exposure
94,Brain Exposure
95,Brain Exposure
96,Brain Exposure
97,Brain Exposure
98,Brain Exposure
99,Brain Exposure
100,Brain Exposure
101,Brain Exposure
102,Brain Exposure
103,Brain Exposure
104,Brain Exposure
105,Brain Exposure
106,Brain Exposure
107,Brain Exposure
108,Brain Exposure
109,Brain Exposure
110,Brain Exposure
111,Brain Exposure
112,Brain Exposure
113,Brain Exposure
114,Brain Exposure
115,Brain Exposure
116,Brain Exposure
117,Brain Exposure
118,Brain Exposure
119,Brain Exposure
120,Brain Exposure
121,Brain Exposure
122,Brain Exposure
123,Brain Exposure
124,Brain Exposure
125,Brain Exposure
126,Brain Exposure
127,Brain Exposure
128,Brain Exposure
129,Brain Exposure
130,Brain Exposure
131,Brain Exposure
132,Brain Exposure
133,Brain Exposure
134,Brain Exposure
135,Brain Exposure
136,Brain Exposure
137,Brain Exposure
138,Brain Exposure
139,Brain Exposure
140,Brain Exposure
141,Brain Exposure
142,Brain Exposure
143,Brain Exposure
144,Brain Exposure
145,Brain Exposure
146,Brain Exposure
147,Brain Exposure
148,Brain Exposure
149,Brain Exposure
150,Brain Exposure
151,Brain Exposure
152,Brain Exposure
153,Brain Exposure
154,Brain Exposure
155,Brain Exposure
156,Brain Exposure
157,Brain Exposure
158,Brain Exposure
159,Brain Exposure
160,Brain Exposure
161,Brain Exposure
162,Brain Exposure
163,Brain Exposure
164,Brain Exposure
165,Brain Exposure
166,Brain Exposure
167,Brain Exposure
168,Brain Exposure
169,Brain Exposure
170,Brain Exposure
171,Brain Exposure
172,Brain Exposure
173,Brain Exposure
174,Brain Exposure
175,Brain Exposure
176,Brain Exposure
177,Brain Exposure
178,Brain Exposure
179,Brain Exposure
180,Brain Exposure
181,Brain Exposure
182,Brain Exposure
183,Brain Exposure
184,Brain Exposure
185,Brain Exposure
186,Brain Exposure
187,Brain Exposure
188,Brain Exposure
189,Brain Exposure
190,Brain Exposure
191,Brain Exposure
192,Brain Exposure
193,Brain Exposure
194,Brain Exposure
195,Brain Exposure
196,Brain Exposure
197,Brain Exposure
198,Brain Exposure
199,Brain Exposure
200,Brain Exposure
201,Brain Exposure
202,Brain Exposure
203,Brain Exposure
204,Brain Exposure
205,Brain Exposure
206,Brain Exposure
207,Brain Exposure
208,Brain Exposure
209,Brain Exposure
210,Brain Exposure
211,Brain Exposure
212,Brain Exposure
213,Brain Exposure
214,Brain Exposure
215,Brain Exposure
216,Brain Exposure
217,Brain Exposure
218,Brain Exposure
219,Brain Exposure
220,Brain Exposure
221,Brain Exposure
222,Brain Exposure
223,Brain Exposure
224,Brain Exposure
225,Brain Exposure
226,Brain Exposure
227,Brain Exposure
228,Brain Exposure
229,Brain Exposure
230,Brain Exposure
231,Brain Exposure
232,Brain Exposure
233,Brain Exposure
234,Brain Exposure
235,Brain Exposure
236,Brain Exposure
237,Brain Exposure
238,Brain Exposure
239,Brain Exposure
240,Brain Exposure
241,Brain Exposure
242,Brain Exposure
243,Brain Exposure
244,Brain Exposure
245,Brain Exposure
246,Brain Exposure
247,Brain Exposure
248,Brain Exposure
249,Brain Exposure
250,Brain Exposure
251,Brain Exposure
252,Brain Exposure
253,Brain Exposure
254,Brain Exposure
255,Brain Exposure
256,Brain Exposure
257,Brain Exposure
258,Brain Exposure
259,Brain Exposure
260,Brain Exposure
261,Brain Exposure
262,Brain Exposure
263,Brain Exposure
264,Brain Exposure
265,Brain Exposure
266,Brain Exposure
267,Brain Exposure
268,Brain Exposure
269,Brain Exposure
270,Brain Exposure
271,Brain Exposure
272,Brain Exposure
273,Brain Exposure
274,Brain Exposure
275,Brain Exposure
276,Brain Exposure
277,Brain Exposure
278,Brain Exposure
279,Brain Exposure
280,Brain Exposure
281,Brain Exposure
282,Brain Exposure
283,Brain Exposure
284,Brain Exposure
285,Brain Exposure
286,Brain Exposure
287,Brain Exposure
288,Brain Exposure
289,Brain Exposure
290,Brain Exposure
291,Brain Exposure
292,Brain Exposure
293,Brain Exposure
294,Brain Exposure
295,Brain Exposure
296,Brain Exposure
297,Brain Exposure
298,Brain Exposure
299,Brain Exposure
300,Brain Exposure
301,Brain Exposure
302,Brain Exposure
303,Brain Exposure
304,Brain Exposure
305,Brain Exposure
306,Brain Exposure
307,Brain Exposure
308,Brain Exposure
309,Brain Exposure
310,Brain Exposure
311,Brain Exposure
312,Brain Exposure
313,Brain Exposure
314,Brain Exposure
315,Brain Exposure
316,Brain Exposure
317,Brain Exposure
318,Brain Exposure
319,Brain Exposure
320,Brain Exposure
321,Brain Exposure
322,Brain Exposure
323,Brain Exposure
324,Brain Exposure
325,Brain Exposure
326,Brain Exposure
327,Brain Exposure
328,Brain Exposure
329,Brain Exposure
330,Brain Exposure
331,Brain Exposure
332,Brain Exposure
333,Brain Exposure
334,Brain Exposure
335,Brain Exposure
336,Brain Exposure
337,Brain Exposure
338,Brain Exposure
339,Brain Exposure
340,Brain Exposure
341,Brain Exposure
342,Brain Exposure
343,Brain Exposure
344,Brain Exposure
345,Brain Exposure
346,Brain Exposure
347,Brain Exposure
348,Brain Exposure
349,Brain Exposure
350,Brain Exposure
351,Brain Exposure
352,Brain Exposure
353,Brain Exposure
354,Brain Exposure
355,Brain Exposure
356,Brain Exposure
357,Brain Exposure
358,Brain Exposure
359,Brain Exposure
360,Brain Exposure
361,Brain Exposure
362,Brain Exposure
363,Brain Exposure
364,Brain Exposure
365,Brain Exposure
366,Brain Exposure
367,Brain Exposure
368,Brain Exposure
369,Brain Exposure
370,Brain Exposure
371,Brain Exposure
372,Brain Exposure
373,Brain Exposure
374,Brain Exposure
375,Brain Exposure
376,Brain Exposure
377,Brain Exposure
378,Brain Exposure
379,Brain Exposure
380,Brain Exposure
381,Brain Exposure
382,Brain Exposure
383,Brain Exposure
384,Brain Exposure
385,Brain Exposure
386,Brain Exposure
387,Brain Exposure
388,Brain Exposure
389,Brain Exposure
390,Brain Exposure
391,Brain Exposure
392,Brain Exposure
393,Brain Exposure
394,Brain Exposure
395,Brain Exposure
396,Brain Exposure
397,Brain Exposure
398,Brain Exposure
399,Brain Exposure
400,Brain Exposure
401,Brain Exposure
402,Brain Exposure
403,Brain Exposure
404,Brain Exposure
405,Brain Exposure
406,Brain Exposure
407,Brain Exposure
408,Brain Exposure
409,Brain Exposure
410,Brain Exposure
411,Brain Exposure
412,Brain Exposure
413,Brain Exposure
414,Brain Exposure
415,Brain Exposure
416,Brain Exposure
417,Brain Exposure
418,Brain Exposure
419,Brain Exposure
420,Brain Exposure
421,Brain Exposure
422,Brain Exposure
423,Brain Exposure
424,Brain Exposure
425,Brain Exposure
426,Parent Vessel Exposure
427,Parent Vessel Exposure
428,Parent Vessel Exposure
429,Parent Vessel Exposure
430,Parent Vessel Exposure
431,Parent Vessel Exposure
432,Parent Vessel Exposure
433,Parent Vessel Exposure
434,Parent Vessel Exposure
435,Parent Vessel Exposure
436,Parent Vessel Exposure
437,Parent Vessel Exposure
438,Parent Vessel Exposure
439,Parent Vessel Exposure
440,Parent Vessel Exposure
441,Parent Vessel Exposure
442,Parent Vessel Exposure
443,Parent Vessel Exposure
444,Parent Vessel Exposure
445,Parent Vessel Exposure
446,Parent Vessel Exposure
447,Parent Vessel Exposure
448,Parent Vessel Exposure
449,Parent Vessel Exposure
450,Parent Vessel Exposure
451,Parent Vessel Exposure
452,Parent Vessel Exposure
453,Parent Vessel Exposure
454,Parent Vessel Exposure
455,Parent Vessel Exposure
456,Parent Vessel Exposure
457,Parent Vessel Exposure
458,Parent Vessel Exposure
459,Parent Vessel Exposure
460,Parent Vessel Exposure
461,Parent Vessel Exposure
462,Parent Vessel Exposure
463,Parent Vessel Exposure
464,Parent Vessel Exposure
465,Parent Vessel Exposure
466,Parent Vessel Exposure
467,Parent Vessel Exposure
468,Parent Vessel Exposure
469,Parent Vessel Exposure
470,Parent Vessel Exposure
471,Parent Vessel Exposure
472,Parent Vessel Exposure
473,Parent Vessel Exposure
474,Parent Vessel Exposure
475,Parent Vessel Exposure
476,Parent Vessel Exposure
477,Parent Vessel Exposure
478,Parent Vessel Exposure
479,Parent Vessel Exposure
480,Parent Vessel Exposure
481,Parent Vessel Exposure
482,Parent Vessel Exposure
483,Parent Vessel Exposure
484,Parent Vessel Exposure
485,Parent Vessel Exposure
486,Parent Vessel Exposure
487,Parent Vessel Exposure
488,Parent Vessel Exposure
489,Parent Vessel Exposure
490,Parent Vessel Exposure
491,Parent Vessel Exposure
492,Parent Vessel Exposure
493,Parent Vessel Exposure
494,Parent Vessel Exposure
495,Parent Vessel Exposure
496,Parent Vessel Exposure
497,Parent Vessel Exposure
498,Parent Vessel Exposure
499,Parent Vessel Exposure
500,Parent Vessel Exposure
501,Parent Vessel Exposure
502,Parent Vessel Exposure
503,Parent Vessel Exposure
504,Parent Vessel Exposure
505,Parent Vessel Exposure
506,Parent Vessel Exposure
507,Parent Vessel Exposure
508,Parent Vessel Exposure
509,Parent Vessel Exposure
510,Parent Vessel Exposure
511,Parent Vessel Exposure
512,Parent Vessel Exposure
513,Parent Vessel Exposure
514,Parent Vessel Exposure
515,Parent Vessel Exposure
516,Parent Vessel Exposure
517,Parent Vessel Exposure
518,Parent Vessel Exposure
519,Parent Vessel Exposure
520,Parent Vessel Exposure
521,Parent Vessel Exposure
522,Parent Vessel Exposure
523,Parent Vessel Exposure
524,Parent Vessel Exposure
525,Parent Vessel Exposure
526,Parent Vessel Exposure
527,Parent Vessel Exposure
528,Parent Vessel Exposure
529,Parent Vessel Exposure
530,Parent Vessel Exposure
531,Parent Vessel Exposure
532,Parent Vessel Exposure
533,Parent Vessel Exposure
534,Parent Vessel Exposure
535,Parent Vessel Exposure
536,Parent Vessel Exposure
537,Parent Vessel Exposure
538,Parent Vessel Exposure
539,Parent Vessel Exposure
540,Parent Vessel Exposure
541,Parent Vessel Exposure
542,Parent Vessel Exposure
543,Parent Vessel Exposure
544,Parent Vessel Exposure
545,Parent Vessel Exposure
546,Parent Vessel Exposure
547,Parent Vessel Exposure
548,Parent Vessel Exposure
549,Parent Vessel Exposure
550,Parent Vessel Exposure
551,Parent Vessel Exposure
552,Parent Vessel Exposure
553,Parent Vessel Exposure
554,Parent Vessel Exposure
555,Parent Vessel Exposure
556,Parent Vessel Exposure
557,Parent Vessel Exposure
558,Parent Vessel Exposure
559,Parent Vessel Exposure
560,Parent Vessel Exposure
561,Parent Vessel Exposure
562,Parent Vessel Exposure
563,Parent Vessel Exposure
564,Parent Vessel Exposure
565,Parent Vessel Exposure
566,Parent Vessel Exposure
567,Parent Vessel Exposure
568,Parent Vessel Exposure
569,Parent Vessel Exposure
570,Parent Vessel Exposure
571,Parent Vessel Exposure
572,Parent Vessel Exposure
573,Parent Vessel Exposure
574,Parent Vessel Exposure
575,Parent Vessel Exposure
576,Parent Vessel Exposure
577,Parent Vessel Exposure
578,Parent Vessel Exposure
579,Parent Vessel Exposure
580,Parent Vessel Exposure
581,Parent Vessel Exposure
582,Parent Vessel Exposure
583,Parent Vessel Exposure
584,Parent Vessel Exposure
585,Parent Vessel Exposure
586,Parent Vessel Exposure
587,Parent Vessel Exposure
588,Parent Vessel Exposure
589,Parent Vessel Exposure
590,Parent Vessel Exposure
591,Parent Vessel Exposure
592,Parent Vessel Exposure
593,Parent Vessel Exposure
594,Parent Vessel Exposure
595,Parent Vessel Exposure
596,Parent Vessel Exposure
597,Parent Vessel Exposure
598,Parent Vessel Exposure
599,Parent Vessel Exposure
600,Parent Vessel Exposure
601,Parent Vessel Exposure
602,Parent Vessel Exposure
603,Parent Vessel Exposure
604,Parent Vessel Exposure
605,Parent Vessel Exposure
606,Parent Vessel Exposure
607,Parent Vessel Exposure
608,Parent Vessel Exposure
609,Parent Vessel Exposure
610,Parent Vessel Exposure
611,Parent Vessel Exposure
612,Parent Vessel Exposure
613,Parent Vessel Exposure
614,Parent Vessel Exposure
615,Parent Vessel Exposure
616,Parent Vessel Exposure
617,Parent Vessel Exposure
618,Parent Vessel Exposure
619,Parent Vessel Exposure
620,Parent Vessel Exposure
621,Parent Vessel Exposure
622,Parent Vessel Exposure
623,Parent Vessel Exposure
624,Parent Vessel Exposure
625,Parent Vessel Exposure
626,Parent Vessel Exposure
627,Parent Vessel Exposure
628,Parent Vessel Exposure
629,Parent Vessel Exposure
630,Parent Vessel Exposure
631,Parent Vessel Exposure
632,Parent Vessel Exposure
633,Parent Vessel Exposure
634,Parent Vessel Exposure
635,Parent Vessel Exposure
636,Parent Vessel Exposure
637,Parent Vessel Exposure
638,Parent Vessel Exposure
639,Parent Vessel Exposure
640,Parent Vessel Exposure
641,Parent Vessel Exposure
642,Parent Vessel Exposure
643,Parent Vessel Exposure
644,Parent Vessel Exposure
645,Parent Vessel Exposure
646,Parent Vessel Exposure
647,Parent Vessel Exposure
648,Parent Vessel Exposure
649,Parent Vessel Exposure
650,Parent Vessel Exposure
651,Parent Vessel Exposure
652,Parent Vessel Exposure
653,Parent Vessel Exposure
654,Parent Vessel Exposure
655,Parent Vessel Exposure
656,Parent Vessel Exposure
657,Parent Vessel Exposure
658,Parent Vessel Exposure
659,Parent Vessel Exposure
660,Parent Vessel Exposure
661,Parent Vessel Exposure
662,Parent Vessel Exposure
663,Parent Vessel Exposure
664,Parent Vessel Exposure
665,Parent Vessel Exposure
666,Parent Vessel Exposure
667,Parent Vessel Exposure
668,Parent Vessel Exposure
669,Parent Vessel Exposure
670,Parent Vessel Exposure
671,Parent Vessel Exposure
672,Parent Vessel Exposure
673,Parent Vessel Exposure
674,Parent Vessel Exposure
675,Parent Vessel Exposure
676,Parent Vessel Exposure
677,Parent Vessel Exposure
678,Parent Vessel Exposure
679,Parent Vessel Exposure
680,Parent Vessel Exposure
681,Parent Vessel Exposure
682,Parent Vessel Exposure
683,Parent Vessel Exposure
684,Parent Vessel Exposure
685,Parent Vessel Exposure
686,Parent Vessel Exposure
687,Parent Vessel Exposure
688,Parent Vessel Exposure
689,Parent Vessel Exposure
690,Parent Vessel Exposure
691,Parent Vessel Exposure
692,Parent Vessel Exposure
693,Parent Vessel Exposure
694,Parent Vessel Exposure
695,Parent Vessel Exposure
696,Parent Vessel Exposure
697,Parent Vessel Exposure
698,Parent Vessel Exposure
699,Parent Vessel Exposure
700,Parent Vessel Exposure
701,Parent Vessel Exposure
702,Parent Vessel Exposure
703,Parent Vessel Exposure
704,Parent Vessel Exposure
705,Parent Vessel Exposure
706,Parent Vessel Exposure
707,Parent Vessel Exposure
708,Parent Vessel Exposure
709,Parent Vessel Exposure
710,Parent Vessel Exposure
711,Parent Vessel Exposure
712,Parent Vessel Exposure
713,Parent Vessel Exposure
714,Parent Vessel Exposure
715,Parent Vessel Exposure
716,Parent Vessel Exposure
717,Parent Vessel Exposure
718,Parent Vessel Exposure
719,Parent Vessel Exposure
720,Parent Vessel Exposure
721,Parent Vessel Exposure
722,Parent Vessel Exposure
723,Parent Vessel Exposure
724,Parent Vessel Exposure
725,Parent Vessel Exposure
726,Parent Vessel Exposure
727,Parent Vessel Exposure
728,Parent Vessel Exposure
729,Parent Vessel Exposure
730,Parent Vessel Exposure
731,Parent Vessel Exposure
732,Parent Vessel Exposure
733,Parent Vessel Exposure
734,Parent Vessel Exposure
735,Parent Vessel Exposure
736,Parent Vessel Exposure
737,Parent Vessel Exposure
738,Parent Vessel Exposure
739,Parent Vessel Exposure
740,Parent Vessel Exposure
741,Parent Vessel Exposure
742,Parent Vessel Exposure
743,Parent Vessel Exposure
744,Parent Vessel Exposure
745,Parent Vessel Exposure
746,Parent Vessel Exposure
747,Parent Vessel Exposure
748,Parent Vessel Exposure
749,Parent Vessel Exposure
750,Parent Vessel Exposure
751,Parent Vessel Exposure
752,Parent Vessel Exposure
753,Parent Vessel Exposure
754,Parent Vessel Exposure
755,Parent Vessel Exposure
756,Parent Vessel Exposure
757,Parent Vessel Exposure
758,Parent Vessel Exposure
759,Parent Vessel Exposure
760,Parent Vessel Exposure
761,Parent Vessel Exposure
762,Parent Vessel Exposure
763,Parent Vessel Exposure
764,Parent Vessel Exposure
765,Parent Vessel Exposure
766,Parent Vessel Exposure
767,Parent Vessel Exposure
768,Parent Vessel Exposure
769,Parent Vessel Exposure
770,Parent Vessel Exposure
771,Parent Vessel Exposure
772,Parent Vessel Exposure
773,Parent Vessel Exposure
774,Parent Vessel Exposure
775,Parent Vessel Exposure
776,Parent Vessel Exposure
777,Parent Vessel Exposure
778,Parent Vessel Exposure
779,Parent Vessel Exposure
780,Parent Vessel Exposure
781,Parent Vessel Exposure
782,Parent Vessel Exposure
783,Parent Vessel Exposure
784,Parent Vessel Exposure
785,Parent Vessel Exposure
786,Parent Vessel Exposure
787,Parent Vessel Exposure
788,Parent Vessel Exposure
789,Parent Vessel Exposure
790,Parent Vessel Exposure
791,Parent Vessel Exposure
792,Parent Vessel Exposure
793,Parent Vessel Exposure
794,Parent Vessel Exposure
795,Parent Vessel Exposure
796,Parent Vessel Exposure
797,Parent Vessel Exposure
798,Parent Vessel Exposure
799,Parent Vessel Exposure
800,Parent Vessel Exposure
801,Parent Vessel Exposure
802,Parent Vessel Exposure
803,Parent Vessel Exposure
804,Parent Vessel Exposure
805,Parent Vessel Exposure
806,Parent Vessel Exposure
807,Parent Vessel Exposure
808,Parent Vessel Exposure
809,Parent Vessel Exposure
810,Parent Vessel Exposure
811,Parent Vessel Exposure
812,Parent Vessel Exposure
813,Parent Vessel Exposure
814,Parent Vessel Exposure
815,Parent Vessel Exposure
816,Parent Vessel Exposure
817,Parent Vessel Exposure
818,Parent Vessel Exposure
819,Parent Vessel Exposure
820,Parent Vessel Exposure
821,Parent Vessel Exposure
822,Parent Vessel Exposure
823,Parent Vessel Exposure
824,Parent Vessel Exposure
825,Parent Vessel Exposure
826,Parent Vessel Exposure
827,Parent Vessel Exposure
828,Parent Vessel Exposure
829,Parent Vessel Exposure
830,Parent Vessel Exposure
831,Parent Vessel Exposure
832,Parent Vessel Exposure
833,Parent Vessel Exposure
834,Parent Vessel Exposure
835,Parent Vessel Exposure
836,Parent Vessel Exposure
837,Parent Vessel Exposure
838,Parent Vessel Exposure
839,Parent Vessel Exposure
840,Parent Vessel Exposure
841,Parent Vessel Exposure
842,Parent Vessel Exposure
843,Parent Vessel Exposure
844,Parent Vessel Exposure
845,Parent Vessel Exposure
846,Parent Vessel Exposure
847,Parent Vessel Exposure
848,Parent Vessel Exposure
849,Parent Vessel Exposure
850,Parent Vessel Exposure
851,Parent Vessel Exposure
852,Parent Vessel Exposure
853,Parent Vessel Exposure
854,Parent Vessel Exposure
855,Parent Vessel Exposure
856,Parent Vessel Exposure
857,Parent Vessel Exposure
858,Parent Vessel Exposure
859,Parent Vessel Exposure
860,Parent Vessel Exposure
861,Parent Vessel Exposure
862,Parent Vessel Exposure
863,Parent Vessel Exposure
864,Parent Vessel Exposure
865,Parent Vessel Exposure
866,Parent Vessel Exposure
867,Parent Vessel Exposure
868,Parent Vessel Exposure
869,Parent Vessel Exposure
870,Parent Vessel Exposure
871,Parent Vessel Exposure
872,Parent Vessel Exposure
873,Parent Vessel Exposure
874,Parent Vessel Exposure
875,Parent Vessel Exposure
876,Parent Vessel Exposure
877,Parent Vessel Exposure
878,Parent Vessel Exposure
879,Parent Vessel Exposure
880,Parent Vessel Exposure
881,Parent Vessel Exposure
882,Parent Vessel Exposure
883,Parent Vessel Exposure
884,Parent Vessel Exposure
885,Parent Vessel Exposure
886,Parent Vessel Exposure
887,Parent Vessel Exposure
888,Parent Vessel Exposure
889,Parent Vessel Exposure
890,Parent Vessel Exposure
891,Parent Vessel Exposure
892,Neck Identification
893,Neck Identification
894,Neck Identification
895,Neck Identification
896,Neck Identification
897,Neck Identification
898,Neck Identification
899,Neck Identification
900,Neck Identification
901,Neck Identification
902,Neck Identification
903,Neck Identification
904,Neck Identification
905,Neck Identification
906,Neck Identification
907,Neck Identification
908,Neck Identification
909,Neck Identification
910,Neck Identification
911,Neck Identification
912,Neck Identification
913,Neck Identification
914,Neck Identification
915,Neck Identification
916,Neck Identification
917,Neck Identification
918,Neck Identification
919,Neck Identification
920,Neck Identification
921,Neck Identification
922,Neck Identification
923,Neck Identification
924,Neck Identification
925,Neck Identification
926,Neck Identification
927,Neck Identification
928,Neck Identification
929,Neck Identification
930,Neck Identification
931,Neck Identification
932,Neck Identification
933,Neck Identification
934,Neck Identification
935,Neck Identification
936,Neck Identification
937,Neck Identification
938,Neck Identification
939,Neck Identification
940,Neck Identification
941,Neck Identification
942,Neck Identification
943,Neck Identification
944,Neck Identification
945,Neck Identification
946,Neck Identification
947,Neck Identification
948,Neck Identification
949,Neck Identification
950,Neck Identification
951,Neck Identification
952,Neck Identification
953,Neck Identification
954,Neck Identification
955,Neck Identification
956,Neck Identification
957,Neck Identification
958,Neck Identification
959,Neck Identification
960,Neck Identification
961,Neck Identification
962,Neck Identification
963,Neck Identification
964,Neck Identification
965,Neck Identification
966,Neck Identification
967,Neck Identification
968,Neck Identification
969,Neck Identification
970,Neck Identification
971,Neck Identification
972,Neck Identification
973,Neck Identification
974,Neck Identification
975,Neck Identification
976,Neck Identification
977,Neck Identification
978,Neck Identification
979,Neck Identification
980,Neck Identification
981,Neck Identification
982,Neck Identification
983,Neck Identification
984,Neck Identification
985,Neck Identification
986,Neck Identification
987,Neck Identification
988,Neck Identification
989,Neck Identification
990,Neck Identification
991,Neck Identification
992,Neck Identification
993,Neck Identification
994,Neck Identification
995,Neck Identification
996,Neck Identification
997,Neck Identification
998,Neck Identification
999,Neck Identification
1000,Neck Identification
1001,Neck Identification
1002,Neck Identification
1003,Neck Identification
1004,Neck Identification
1005,Neck Identification
1006,Neck Identification
1007,Neck Identification
1008,Neck Identification
1009,Neck Identification
1010,Neck Identification
1011,Neck Identification
1012,Neck Identification
1013,Neck Identification
1014,Neck Identification
1015,Neck Identification
1016,Neck Identification
1017,Neck Identification
1018,Neck Identification
1019,Neck Identification
1020,Neck Identification
1021,Neck Identification
1022,Neck Identification
1023,Neck Identification
1024,Neck Identification
1025,Neck Identification
1026,Neck Identification
1027,Neck Identification
1028,Neck Identification
1029,Neck Identification
1030,Neck Identification
1031,Neck Identification
1032,Neck Identification
1033,Neck Identification
1034,Neck Identification
1035,Neck Identification
1036,Neck Identification
1037,Neck Identification
1038,Neck Identification
1039,Neck Identification
1040,Neck Identification
1041,Neck Identification
1042,Neck Identification
1043,Neck Identification
1044,Neck Identification
1045,Neck Identification
1046,Neck Identification
1047,Neck Identification
1048,Neck Identification
1049,Neck Identification
1050,Neck Identification
1051,Neck Identification
1052,Neck Identification
1053,Neck Identification
1054,Neck Identification
1055,Neck Identification
1056,Neck Identification
1057,Neck Identification
1058,Neck Identification
1059,Neck Identification
1060,Neck Identification
1061,Neck Identification
1062,Neck Identification
1063,Neck Identification
1064,Neck Identification
1065,Neck Identification
1066,Neck Identification
1067,Neck Identification
1068,Neck Identification
1069,Neck Identification
1070,Neck Identification
1071,Neck Identification
1072,Neck Identification
1073,Neck Identification
1074,Neck Identification
1075,Neck Identification
1076,Neck Identification
1077,Neck Identification
1078,Neck Identification
1079,Neck Identification
1080,Neck Identification
1081,Neck Identification
1082,Neck Identification
1083,Neck Identification
1084,Neck Identification
1085,Neck Identification
1086,Neck Identification
1087,Neck Identification
1088,Neck Identification
1089,Neck Identification
1090,Neck Identification
1091,Neck Identification
1092,Neck Identification
1093,Neck Identification
1094,Neck Identification
1095,Neck Identification
1096,Neck Identification
1097,Neck Identification
1098,Neck Identification
1099,Neck Identification
1100,Neck Identification
1101,Neck Identification
1102,Neck Identification
1103,Neck Identification
1104,Neck Identification
1105,Neck Identification
1106,Neck Identification
1107,Neck Identification
1108,Neck Identification
1109,Neck Identification
1110,Neck Identification
1111,Neck Identification
1112,Neck Identification
1113,Neck Identification
1114,Neck Identification
1115,Neck Identification
1116,Neck Identification
1117,Neck Identification
1118,Neck Identification
1119,Neck Identification
1120,Neck Identification
1121,Neck Identification
1122,Neck Identification
1123,Neck Identification
1124,Neck Identification
1125,Neck Identification
1126,Neck Identification
1127,Neck Identification
1128,Neck Identification
1129,Neck Identification
1130,Neck Identification
1131,Neck Identification
1132,Neck Identification
1133,Neck Identification
1134,Neck Identification
1135,Neck Identification
1136,Neck Identification
1137,Neck Identification
1138,Neck Identification
1139,Neck Identification
1140,Neck Identification
1141,Neck Identification
1142,Neck Identification
1143,Neck Identification
1144,Neck Identification
1145,Neck Identification
1146,Neck Identification
1147,Neck Identification
1148,Neck Identification
1149,Neck Identification
1150,Neck Identification
1151,Neck Identification
1152,Neck Identification
1153,Neck Identification
1154,Neck Identification
1155,Neck Identification
1156,Neck Identification
1157,Neck Identification
1158,Neck Identification
1159,Neck Identification
1160,Neck Identification
1161,Neck Identification
1162,Neck Identification
1163,Neck Identification
1164,Neck Identification
1165,Neck Identification
1166,Neck Identification
1167,Neck Identification
1168,Neck Identification
1169,Neck Identification
1170,Neck Identification
1171,Neck Identification
1172,Neck Identification
1173,Neck Identification
1174,Neck Identification
1175,Neck Identification
1176,Neck Identification
1177,Neck Identification
1178,Neck Identification
1179,Neck Identification
1180,Neck Identification
1181,Neck Identification
1182,Neck Identification
1183,Neck Identification
1184,Neck Identification
1185,Neck Identification
1186,Neck Identification
1187,Neck Identification
1188,Neck Identification
1189,Neck Identification
1190,Neck Identification
1191,Neck Identification
1192,Neck Identification
1193,Neck Identification
1194,Neck Identification
1195,Neck Identification
1196,Neck Identification
1197,Neck Identification
1198,Neck Identification
1199,Neck Identification
1200,Neck Identification
1201,Neck Identification
1202,Neck Identification
1203,Neck Identification
1204,Neck Identification
1205,Neck Identification
1206,Neck Identification
1207,Neck Identification
1208,Neck Identification
1209,Neck Identification
1210,Neck Identification
1211,Neck Identification
1212,Neck Identification
1213,Neck Identification
1214,Neck Identification
1215,Neck Identification
1216,Neck Identification
1217,Neck Identification
1218,Neck Identification
1219,Neck Identification
1220,Neck Identification
1221,Neck Identification
1222,Neck Identification
1223,Neck Identification
1224,Neck Identification
1225,Neck Identification
1226,Neck Identification
1227,Neck Identification
1228,Neck Identification
1229,Neck Identification
1230,Neck Identification
1231,Neck Identification
1232,Neck Identification
1233,Neck Identification
1234,Neck Identification
1235,Neck Identification
1236,Neck Identification
1237,Neck Identification
1238,Neck Identification
1239,Neck Identification
1240,Neck Identification
1241,Neck Identification
1242,Neck Identification
1243,Neck Identification
1244,Neck Identification
1245,Neck Identification
1246,Neck Identification
1247,Neck Identification
1248,Neck Identification
1249,Neck Identification
1250,Neck Identification
1251,Neck Identification
1252,Neck Identification
1253,Neck Identification
1254,Neck Identification
1255,Neck Identification
1256,Neck Identification
1257,Neck Identification
1258,Neck Identification
1259,Neck Identification
1260,Neck Identification
1261,Neck Identification
1262,Neck Identification
1263,Neck Identification
1264,Neck Identification
1265,Neck Identification
1266,Neck Identification
1267,Neck Identification
1268,Neck Identification
1269,Neck Identification
1270,Neck Identification
1271,Neck Identification
1272,Neck Identification
1273,Neck Identification
1274,Neck Identification
1275,Neck Identification
1276,Neck Identification
1277,Neck Identification
1278,Neck Identification
1279,Neck Identification
1280,Neck Identification
1281,Neck Identification
1282,Neck Identification
1283,Neck Identification
1284,Neck Identification
1285,Neck Identification
1286,Neck Identification
1287,Neck Identification
1288,Neck Identification
1289,Neck Identification
1290,Neck Identification
1291,Neck Identification
1292,Neck Identification
1293,Neck Identification
1294,Neck Identification
1295,Neck Identification
1296,Neck Identification
1297,Neck Identification
1298,Neck Identification
1299,Neck Identification
1300,Neck Identification
1301,Neck Identification
1302,Neck Identification
1303,Neck Identification
1304,Neck Identification
1305,Neck Identification
1306,Neck Identification
1307,Neck Identification
1308,Neck Identification
1309,Neck Identification
1310,Neck Identification
1311,Neck Identification
1312,Neck Identification
1313,Neck Identification
1314,Neck Identification
1315,Neck Identification
1316,Neck Identification
1317,Neck Identification
1318,Neck Identification
1319,Neck Identification
1320,Neck Identification
1321,Neck Identification
1322,Neck Identification
1323,Neck Identification
1324,Neck Identification
1325,Neck Identification
1326,Neck Identification
1327,Neck Identification
1328,Neck Identification
1329,Neck Identification
1330,Neck Identification
1331,Neck Identification
1332,Neck Identification
1333,Neck Identification
1334,Neck Identification
1335,Neck Identification
1336,Neck Identification
1337,Neck Identification
1338,Neck Identification
1339,Neck Identification
1340,Neck Identification
1341,Neck Identification
1342,Neck Identification
1343,Neck Identification
1344,Neck Identification
1345,Neck Identification
1346,Neck Identification
1347,Neck Identification
1348,Neck Identification
1349,Neck Identification
1350,Neck Identification
1351,Neck Identification
1352,Neck Identification
1353,Neck Identification
1354,Neck Identification
1355,Neck Identification
1356,Neck Identification
1357,Neck Identification
1358,Neck Identification
1359,Neck Identification
1360,Neck Identification
1361,Neck Identification
1362,Neck Identification
1363,Neck Identification
1364,Dome Identification
1365,Dome Identification
1366,Dome Identification
1367,Dome Identification
1368,Dome Identification
1369,Dome Identification
1370,Dome Identification
1371,Dome Identification
1372,Dome Identification
1373,Dome Identification
1374,Dome Identification
1375,Dome Identification
1376,Dome Identification
1377,Dome Identification
1378,Dome Identification
1379,Dome Identification
1380,Dome Identification
1381,Dome Identification
1382,Dome Identification
1383,Dome Identification
1384,Dome Identification
1385,Dome Identification
1386,Dome Identification
1387,Dome Identification
1388,Dome Identification
1389,Dome Identification
1390,Dome Identification
1391,Dome Identification
1392,Dome Identification
1393,Dome Identification
1394,Dome Identification
1395,Dome Identification
1396,Dome Identification
1397,Dome Identification
1398,Dome Identification
1399,Dome Identification
1400,Dome Identification
1401,Dome Identification
1402,Dome Identification
1403,Dome Identification
1404,Dome Identification
1405,Dome Identification
1406,Dome Identification
1407,Dome Identification
1408,Dome Identification
1409,Dome Identification
1410,Dome Identification
1411,Dome Identification
1412,Dome Identification
1413,Dome Identification
1414,Dome Identification
1415,Dome Identification
1416,Dome Identification
1417,Dome Identification
1418,Dome Identification
1419,Dome Identification
1420,Dome Identification
1421,Dome Identification
1422,Dome Identification
1423,Dome Identification
1424,Dome Identification
1425,Dome Identification
1426,Dome Identification
1427,Dome Identification
1428,Dome Identification
1429,Dome Identification
1430,Dome Identification
1431,Dome Identification
1432,Dome Identification
1433,Dome Identification
1434,Dome Identification
1435,Dome Identification
1436,Dome Identification
1437,Dome Identification
1438,Dome Identification
1439,Dome Identification
1440,Dome Identification
1441,Dome Identification
1442,Dome Identification
1443,Dome Identification
1444,Dome Identification
1445,Dome Identification
1446,Clipping
1447,Clipping
1448,Clipping
1449,Clipping
1450,Clipping
1451,Clipping
1452,Clipping
1453,Clipping
1454,Clipping
1455,Clipping
1456,Clipping
1457,Clipping
1458,Clipping
1459,Clipping
1460,Clipping
1461,Clipping
1462,Clipping
1463,Clipping
1464,Clipping
1465,Clipping
1466,Clipping
1467,Clipping
1468,Clipping
1469,Clipping
1470,Clipping
1471,Clipping
1472,Clipping
1473,Clipping
1474,Clipping
1475,Clipping
1476,Clipping
1477,Clipping
1478,Clipping
1479,Clipping
1480,Clipping
1481,Clipping
1482,Clipping
1483,Clipping
1484,Clipping
1485,Clipping
1486,Clipping
1487,Clipping
1488,Clipping
1489,Clipping
1490,Clipping
1491,Clipping
1492,Clipping
1493,Clipping
1494,Clipping
1495,Clipping
1496,Clipping
1497,Clipping
1498,Clipping
1499,Clipping
1500,Clipping
1501,Clipping
1502,Clipping
1503,Clipping
1504,Clipping
1505,Clipping
1506,Clipping
1507,Clipping
1508,Clipping
1509,Clipping
1510,Clipping
1511,Clipping
1512,Clipping
1513,Clipping
1514,Clipping
1515,Clipping
1516,Clipping
1517,Clipping
1518,Clipping
1519,Clipping
1520,Clipping
1521,Clipping
1522,Clipping
1523,Clipping
1524,Clipping
1525,Clipping
1526,Clipping
1527,Clipping
1528,Clipping
1529,Clipping
1530,Clipping
1531,Clipping
1532,Clipping
1533,Clipping
1534,Clipping
1535,Clipping
1536,Clipping
1537,Clipping
1538,Clipping
1539,Clipping
1540,Clipping
1541,Clipping
1542,Clipping
1543,Clipping
1544,Clipping
1545,Clipping
1546,Clipping
1547,Clipping
1548,Clipping
1549,Clipping
1550,Clipping
1551,Clipping
1552,Clipping
1553,Clipping
1554,Clipping
1555,Clipping
1556,Clipping
1557,Clipping
1558,Clipping
1559,Clipping
1560,Clipping
1561,Clipping
1562,Clipping
1563,Clipping
1564,Clipping
1565,Clipping
1566,Clipping
1567,Clipping
1568,Clipping
1569,Clipping
1570,Clipping
1571,Clipping
1572,Clipping
1573,Clipping
1574,Clipping
1575,Clipping
1576,Clipping
1577,Clipping
1578,Clipping
1579,Clipping
1580,Clipping
1581,Clipping
1582,Clipping
1583,Clipping
1584,Clipping
1585,Clipping
1586,Clipping
1587,Clipping
1588,Clipping
1589,Clipping
1590,Clipping
1591,Clipping
1592,Clipping
1593,Clipping
1594,Clipping
1595,Clipping
1596,Clipping
1597,Clipping
1598,Clipping
1599,Clipping
1600,Clipping
1601,Clipping
1602,Clipping
1603,Clipping
1604,Clipping
1605,Clipping
1606,Clipping
1607,Clipping
1608,Clipping
1609,Clipping
1610,Clipping
1611,Clipping
1612,Clipping
1613,Clipping
1614,Clipping
1615,Clipping
1616,Clipping
1617,Clipping
1618,Clipping
1619,Clipping
1620,Clipping
1621,Clipping
1622,Clipping
1623,Clipping
1624,Clipping
1625,Clipping
1626,Clipping
1627,Clipping
1628,Clipping
1629,Clipping
1630,Clipping
1631,Clipping
1632,Clipping
1633,Clipping
1634,Clipping
1635,Clipping
1636,Clipping
1637,Clipping
1638,Clipping
1639,Clipping
1640,Clipping
1641,Clipping
1642,Clipping
1643,Clipping
1644,Clipping
1645,Clipping
1646,Clipping
1647,Clipping
1648,Clipping
1649,Clipping